title,imgUrl,description
1,http://dummyimage.com/182x100.png/5fa2dd/ffffff,Male
2,http://dummyimage.com/116x100.png/cc0000/ffffff,Female
3,http://dummyimage.com/114x100.png/cc0000/ffffff,Male
4,http://dummyimage.com/154x100.png/ff4444/ffffff,Male
5,http://dummyimage.com/106x100.png/ff4444/ffffff,Female
6,http://dummyimage.com/237x100.png/ff4444/ffffff,Polygender
7,http://dummyimage.com/117x100.png/dddddd/000000,Male
8,http://dummyimage.com/115x100.png/5fa2dd/ffffff,Male
9,http://dummyimage.com/163x100.png/5fa2dd/ffffff,Female
10,http://dummyimage.com/154x100.png/cc0000/ffffff,Male
