first_name,last_name,email,password
Ruthy,Belhomme,rbelhomme0@whitehouse.gov,aX7<kJp)t
Andy,Pym,apym1@cdc.gov,sS6+%a4ue6
Sisely,Chritchley,schritchley2@indiatimes.com,nK0+b{P&MgI}Y*
Edi,Dymidowski,edymidowski3@quantcast.com,qL2(q8tbhZO>
Karel,Ulyat,kulyat4@guardian.co.uk,tA3|%o@f@QtV1
Jae,Hocking,jhocking5@yolasite.com,"rB9#YtO,"
Mandi,Curteis,mcurteis6@com.com,gE9}{UYuY&@9QJ
Ninette,Tresise,ntresise7@baidu.com,rM7'(ex#1@C+@+\%
Randie,Lowrey,rlowrey8@yahoo.com,wV1(jG&r_K~%UD
Timmi,Vokes,tvokes9@huffingtonpost.com,xJ5!pq(1Zdr>
Kordula,Sleath,ksleatha@domainmarket.com,bW1'7dUb%.g
Matilde,Pioli,mpiolib@aol.com,gT2<SDm!H)2@S/6
Catlee,Pendleberry,cpendleberryc@youtube.com,dG2$(MdYdQfX(Y
Candida,Kapiloff,ckapiloffd@intel.com,bZ6|_O%{ez=9w
Chaim,Cantera,ccanterae@parallels.com,rY4)H7Nh)gN=s
Hugo,Barnhart,hbarnhartf@auda.org.au,fB2}L%EUrcW212f#
Helen,Belsey,hbelseyg@bigcartel.com,mO6>/Q//($hmH
Gloria,Rupprecht,grupprechth@xing.com,nG2=NsU#~r
Julius,Croan,jcroani@github.io,xO2'G75+=l(HGA`
Sal,Soares,ssoaresj@csmonitor.com,gI6>?sNl`#uBb@b
Hilary,Stenbridge,hstenbridgek@xing.com,"rX3$Ma""}"
Coral,Howlings,chowlingsl@nba.com,kM3)x{cdD
Ryann,Currum,rcurrumm@fc2.com,zW7{RhB'
Nertie,Gaitskill,ngaitskilln@chronoengine.com,hB2#<\%v=yvcu
Allianora,Stuchburie,astuchburieo@godaddy.com,pP6\wAWq
Oralee,Plampin,oplampinp@harvard.edu,jO2`vs*dcEe!M
Jimmie,Provest,jprovestq@va.gov,"wU5.,>wN,cEDE({K"
Jeanna,Coy,jcoyr@e-recht24.de,vH4.<ELT8FH#
Cybil,Carlesi,ccarlesis@jiathis.com,"iN5""Y4}XlVpeZ}U"
Malvin,Laible,mlaiblet@google.cn,bD3=D(_5Jq=H
Trula,Kneller,tknelleru@vk.com,uU4>rv8cNjls1
Giustino,Osgodby,gosgodbyv@paginegialle.it,"wU7,```0"
Nessy,McGilmartin,nmcgilmartinw@foxnews.com,qD8@6/>vh(G1of
Lari,MacRinn,lmacrinnx@myspace.com,vP6?Hjx'O
Deeanne,Coupland,dcouplandy@altervista.org,"oG1\B,$="
Franciskus,Ferres,fferresz@technorati.com,wA1+zh~>8WJOzI.D
Bil,Seabert,bseabert10@drupal.org,vP0!SWruVC'o
Anatollo,Abendroth,aabendroth11@alibaba.com,aH7#T$Kg
Sheila,Faulds,sfaulds12@webs.com,oH0@RhyU%yckV
Evangelia,Feige,efeige13@ning.com,mS1=JSu}e@
Riccardo,Wark,rwark14@slideshare.net,hI5@HDzh1
Jefferey,Baulch,jbaulch15@tumblr.com,vM8~d_X?
Mareah,Crigin,mcrigin16@blog.com,dE7$m#P$k
Moise,Grundey,mgrundey17@comcast.net,"rO2,ZTQKK<3Ow"
Lucas,Pilfold,lpilfold18@noaa.gov,pO5`|(>v(5hq
Corinna,Samet,csamet19@sogou.com,aC0'3pT|X5Wgh
Cookie,Dallman,cdallman1a@mozilla.com,xZ2(NYr+
Leonanie,Mitchell,lmitchell1b@whitehouse.gov,xH5*BQoGb5mT
Maris,Lamonby,mlamonby1c@soundcloud.com,"eN0)f9_l4<,"
Ketti,Brough,kbrough1d@list-manage.com,"qE6~oi""""@X9Lx&"
Rosalia,Cowmeadow,rcowmeadow1e@redcross.org,nR1+kS(rnL6#
Sunny,Gorhardt,sgorhardt1f@umn.edu,"sH7,8P`9H>p665"
Joseito,Filipponi,jfilipponi1g@trellian.com,gP6=m>RUg#r
Dalila,Foxten,dfoxten1h@weather.com,qL0~h!(C&1r
Inger,Urrey,iurrey1i@eventbrite.com,"gX5""Mrz|Of1&?"
Leland,Seiler,lseiler1j@fda.gov,"hB5@kHW""9FT("
Consolata,Bloom,cbloom1k@histats.com,hX7)PUrRo
Bibby,Fulham,bfulham1l@xing.com,rG3_RFYF6~{Qm
Olimpia,Scotchmore,oscotchmore1m@answers.com,gF7$`R.GYupUz
Robby,Snary,rsnary1n@alexa.com,sD3?4mou_>{a|'gN
Edith,Grishankov,egrishankov1o@mtv.com,"eC3|K%m1!Ot""8~/?"
Ciro,Pratton,cpratton1p@google.de,"zE0{f8rthSoMg,LI"
Eva,Le Hucquet,elehucquet1q@technorati.com,iW7<SG{xjm_Z+fiS
Ursulina,Lamke,ulamke1r@ezinearticles.com,kY8'v8akFyT8AA
Mercedes,Adlard,madlard1s@omniture.com,lC5)6<KK?7frv)
Sutherland,Pibworth,spibworth1t@amazon.co.jp,dC4|6*m2kl`Wc=
Robby,Caulliere,rcaulliere1u@indiegogo.com,lY1`Kee14
Seana,Hartburn,shartburn1v@ca.gov,mD2}J64|
Ianthe,Morphet,imorphet1w@newsvine.com,vV3`R<jIPRew
Ulrikaumeko,Trustey,utrustey1x@domainmarket.com,tN4&mVnHGPRR
Hilliary,Lorie,hlorie1y@wiley.com,"vT4""nr!M4mV"
Merrily,Jersh,mjersh1z@imageshack.us,iR7&'{w.#x*FC=O}
Giselbert,Fosdike,gfosdike20@google.de,xC9>P{jnJ|0)l
Wheeler,MacKenney,wmackenney21@redcross.org,aJ8@Ex6#6WD%\QR
Klara,Dugget,kdugget22@posterous.com,pL5(bk}%ay.
Idell,Parren,iparren23@photobucket.com,dI0`89(Wj
Kennan,Greenhow,kgreenhow24@theglobeandmail.com,qF7>R90J3w$T_ww~
Lindsy,Immins,limmins25@dropbox.com,"cA8)U}z""F2am""8z"
Wells,Schlag,wschlag26@symantec.com,lR3~r\FwT!4/?\LA
Dinny,MacVagh,dmacvagh27@ezinearticles.com,oF1/Xn=_6fg</
Petronella,Grigorio,pgrigorio28@blogspot.com,dA5.#tpNR7\
Emmalynne,Dabel,edabel29@arizona.edu,hF7(flo8K`/
Lesli,Gotch,lgotch2a@ucsd.edu,jI4}M/*$4|Hn
Vinson,Thornbarrow,vthornbarrow2b@bravesites.com,nN5>'Tx\FW
Sindee,Doerr,sdoerr2c@amazon.co.uk,tV6<!2ILEp1~9Zl
Caryl,Fookes,cfookes2d@nifty.com,"gH2\*Y7MG/,5l6cV"
Meredithe,Barosch,mbarosch2e@imgur.com,qK7!<0eO1urYPvK2
Jaquelin,Janauschek,jjanauschek2f@elegantthemes.com,"eZ3(""OxRsq"
Nikolaos,Benner,nbenner2g@cnet.com,tR3+A}pRNMo5'T
Tammara,Minchi,tminchi2h@blogger.com,rJ4$bpm<PwfP
Gennifer,Mayo,gmayo2i@elegantthemes.com,dG5/t=UT
Roseline,Vaneev,rvaneev2j@histats.com,"bJ4!s""rk9B!#."
Theadora,Blint,tblint2k@sfgate.com,qW6$nSt8P\
Ignacio,Vasilic,ivasilic2l@creativecommons.org,wI3+?6w'$@6J
Ira,Elland,ielland2m@ifeng.com,"wP5,<D6@p*K{"
Drake,Pattingson,dpattingson2n@desdev.cn,nJ2+9dIb9Qparg{>
Brandea,Upstone,bupstone2o@usda.gov,kY1)CR+l9
Jaquenetta,Sparsholt,jsparsholt2p@cdbaby.com,sG5#j&u`ZO
Gav,Kinchley,gkinchley2q@seattletimes.com,uJ1#\4hQS8L@rX&=
Konstantin,Matteo,kmatteo2r@sakura.ne.jp,mB3'w>Jg7
Reilly,Attiwill,rattiwill2s@xinhuanet.com,"vC0""pi}1p9"
Standford,Casaroli,scasaroli2t@cbsnews.com,nD4_cDjd
Gene,Pippard,gpippard2u@ted.com,"tX4(#?'CF%<="""
Dene,Morat,dmorat2v@acquirethisname.com,eE3)>#r0~f?u
Trenna,Manford,tmanford2w@wikipedia.org,pG5'vRe_TgQbZ
Cissy,Dureden,cdureden2x@pen.io,nR1!Q~tt+
Lauren,Whiskin,lwhiskin2y@homestead.com,sC1>sOBq_+R{3?F}
Gisella,Skully,gskully2z@fc2.com,vY2<23Ip=gn+B8
Debora,Coning,dconing30@woothemes.com,"aQ1""rp>EvG{RO"""
Perry,Davidou,pdavidou31@xing.com,nH7=tj>MTBJ
Cozmo,Pook,cpook32@nyu.edu,"bE1{*xo"""
Hollyanne,Denkel,hdenkel33@phoca.cz,"tC3>s8&nKQ,1lR"
Kris,Codling,kcodling34@sogou.com,pN5+`gX55C~I
Sayer,Storre,sstorre35@yelp.com,fB6@R1pY5Y3
Zorina,Rowesby,zrowesby36@mozilla.org,"bY4<gDz~""`|eh)"
Suzi,Paish,spaish37@google.co.uk,fU2'2Q'#'
Tally,Gornal,tgornal38@twitter.com,gB8\)y$%.
Joete,Cambridge,jcambridge39@google.es,tP2`/5cYO@v7+E>`
Patten,Rablin,prablin3a@people.com.cn,"uT7,dI%4@3"
Daron,Hartnell,dhartnell3b@psu.edu,kU8{}\|owy>#4Pt
Storm,Pyvis,spyvis3c@imdb.com,"uH9=8CFM't@""D"
Sean,Helsby,shelsby3d@fda.gov,"qT1?+,sO(z`##3<>"
Benedetto,Seccombe,bseccombe3e@rediff.com,gL5>eCncC8}6r}
Emelyne,Rantoul,erantoul3f@tinypic.com,mM6}'JhWaZ~
Bobbee,Windebank,bwindebank3g@ovh.net,"qC0~Q{Wv,({F.{p"
Robinson,Reinard,rreinard3h@bigcartel.com,cY5/2=z?Y
Mead,Kewzick,mkewzick3i@walmart.com,kX2=jLPH`.
Jaimie,Heelis,jheelis3j@redcross.org,"uN7(0q?5""Inui"
Armando,Crawshaw,acrawshaw3k@ovh.net,wA3#}j3p2+fU
Web,McTiernan,wmctiernan3l@mozilla.org,"fR4*zb%F0tBU|$T,"
Carr,Edgeson,cedgeson3m@barnesandnoble.com,uF0~GmVzqaJl
Corney,Dear,cdear3n@pcworld.com,"gC8+wvr1',g"
Emilee,Humpherson,ehumpherson3o@nature.com,qG3\@8Ciu`
Regen,Cottill,rcottill3p@vimeo.com,"fM1*,8CFB"
Delcina,Farrent,dfarrent3q@samsung.com,"gB4,03pPw@k/7S#"
Tyrone,Tapper,ttapper3r@123-reg.co.uk,"vG9$ZHU6CKJF,'"
Florette,Garces,fgarces3s@purevolume.com,uU0{PibK{'
Liam,Cleghorn,lcleghorn3t@google.nl,"hW1,2}*""4EnwV??("
Ashton,Klimkiewich,aklimkiewich3u@ustream.tv,"hF0*1SY`""U,B8&g"
Rand,Blacksland,rblacksland3v@example.com,tN8\VftR}!>c
Maudie,Reeder,mreeder3w@cornell.edu,xU5|{C&pPyD6u
Annissa,Escreet,aescreet3x@prweb.com,"tP8*a>BA""lmQTdz@"
Bale,Lamplough,blamplough3y@ocn.ne.jp,kV3\c*iN{W
Kain,Dugood,kdugood3z@kickstarter.com,nB3+|YO?/r
Shannan,Spinks,sspinks40@npr.org,xA3`!'iebf
Zorah,Rothera,zrothera41@utexas.edu,"kE6""w`4&v4YDj6"
Blisse,Kenealy,bkenealy42@nbcnews.com,dA0_Gbn'{W/s&.sR
Charlie,Brumpton,cbrumpton43@privacy.gov.au,sZ4`ihnjC
Jacqui,Sloey,jsloey44@nhs.uk,nZ7)7jlF
Miquela,Sandbatch,msandbatch45@patch.com,rV9(M+<>k1
Munmro,Dumke,mdumke46@upenn.edu,"qU9|""!r&~tk*K("
Gisele,Goullee,ggoullee47@quantcast.com,vE3'YEbTz'r
Rosemarie,Claricoats,rclaricoats48@list-manage.com,"hX5""(6J9lL!jD"
Madelaine,Assiratti,massiratti49@dyndns.org,"rH2""V.fFdwMqY25"
Sascha,Studeart,sstudeart4a@examiner.com,tP6$b%#iN2
Noelle,Hynam,nhynam4b@artisteer.com,gY5${L'<+A
Sybila,Virr,svirr4c@arizona.edu,hK7!uOOlH
Tybie,Belford,tbelford4d@soundcloud.com,"wU6'""9Dk2"
Vidovic,Wetherick,vwetherick4e@nhs.uk,"qM9+1j*Np""5=CFV7"
Aldridge,Record,arecord4f@statcounter.com,yX0~I/_h&<v
Quentin,Luc,qluc4g@google.com.au,zI6~jK}pZ
Elissa,Polson,epolson4h@hhs.gov,aO5#_w7wzPl
Annie,Lumbly,alumbly4i@parallels.com,"iM3}i,v%e.W,L"
Sherwin,Jiroudek,sjiroudek4j@answers.com,mR4)XiZ7WRu
Sly,Clilverd,sclilverd4k@springer.com,aX8<XQ>BG
Otha,Carwithan,ocarwithan4l@fema.gov,"dL5_Rv,rwVh/"
Lizzie,Deyes,ldeyes4m@squidoo.com,dF5)h_S=nlwf
Sioux,Durram,sdurram4n@stanford.edu,yM7`88?/iOH/
Shir,Rodmell,srodmell4o@godaddy.com,pY4~L2ik|I>AK
Ramsey,Gomme,rgomme4p@booking.com,oB3%@sXSlLy'Xto
Ingamar,Danielski,idanielski4q@foxnews.com,jM3?+CNNucK+s
Fletch,Watkiss,fwatkiss4r@twitter.com,tX5_wMZE}{J1f
Caren,Sarney,csarney4s@yellowbook.com,"iN6/EHMs,9p0k"
Ernesta,Sharples,esharples4t@freewebs.com,nP4'L1<vC\
Obadiah,Burgot,oburgot4u@disqus.com,"xX4't,JxA?F0"
Roman,Argue,rargue4v@woothemes.com,mV2&<+p`R
Leese,Muslim,lmuslim4w@mozilla.org,tV7%7HnOv
Deena,Danneil,ddanneil4x@4shared.com,xO9#4fTi06n\Z9
Corrinne,Menary,cmenary4y@utexas.edu,iZ2=V/|j#
Carleen,Courteney,ccourteney4z@infoseek.co.jp,"kJ5""(&zsOl)OQ#J"
Ysabel,Midford,ymidford50@nymag.com,bB4.{6Tn
Boonie,Mattson,bmattson51@paypal.com,vH5}}OM$
Son,Devil,sdevil52@dedecms.com,jK9/Prkj%rRXGlmp
Elizabet,Gourdon,egourdon53@prnewswire.com,"oJ3?""ANm8U.m("
Eveleen,Seward,eseward54@amazon.co.jp,qW5{dj|3)4<EGV
Ignacius,Hearse,ihearse55@zimbio.com,sV2%yaA8wc/2Zi_=
Gaven,Tallent,gtallent56@furl.net,gY3{sy=g+#
Linnet,Corington,lcorington57@goo.gl,"tY2<,s`L'O"
Herschel,Ellams,hellams58@wunderground.com,"sH9|VHO%cIa{X,v"
Martica,Malcher,mmalcher59@google.co.jp,eW4?N#%WBr$
Madlin,Briscoe,mbriscoe5a@woothemes.com,"gO8!*tnpE,o"
Zack,Ferrant,zferrant5b@si.edu,kC4`jg}~emkJT
Gale,Stott,gstott5c@google.it,hY0\4y!&|aUD2W\d
Bartolomeo,Greggor,bgreggor5d@barnesandnoble.com,oT9<i)jPC
Tilda,O'Giany,togiany5e@marriott.com,"qT0,k`tEzi@wP!"
Shellysheldon,Parkes,sparkes5f@fda.gov,sM4<'Cyfp/zf(6
Lev,Sesser,lsesser5g@guardian.co.uk,eG7!y9/md73!xlZ
Bevon,Beverage,bbeverage5h@technorati.com,dE7+Rhn29q%u
Marline,Wegman,mwegman5i@slideshare.net,zB8#tOCy$S$
Jordain,Crutchfield,jcrutchfield5j@theatlantic.com,tM6$.w?#y=M
Fidel,Skews,fskews5k@narod.ru,"hX2!Sj(_,\"
Otho,Lissett,olissett5l@4shared.com,uI6}nQg@rz/wRm
Roderic,Hinzer,rhinzer5m@posterous.com,wF2\6wzKg|R/xL
Jillie,Playfair,jplayfair5n@mapquest.com,"sM8%9w""}~?IL"
Adham,Macauley,amacauley5o@simplemachines.org,mT8'#.X%Jm6U
Ardene,Althorpe,aalthorpe5p@weibo.com,gR0|/os_4'>J
Germaine,D'eye,gdeye5q@github.io,pC5~13}>FUzg3
Rourke,Serrurier,rserrurier5r@artisteer.com,"tY4),?v/n*7Sm"
Clio,Norcliff,cnorcliff5s@icq.com,mT8$?h`O
Dode,Bartul,dbartul5t@tripadvisor.com,iG2!nzo/eOL
Bern,Korting,bkorting5u@rambler.ru,nH2'MWJgt
Germain,Leythley,gleythley5v@furl.net,gG0(eB805jnyY@#U
Leta,Flott,lflott5w@blogspot.com,hD4!G7hS
Charlotta,Liven,cliven5x@blog.com,aR2\I'4%
Carlye,Sussems,csussems5y@kickstarter.com,"vL9!""D@#GR0j`a"
Haskell,Matczak,hmatczak5z@friendfeed.com,gD5#MR9L}bCLM5*
Latrena,Dog,ldog60@census.gov,aW3#U9AceMD
Hilary,Couper,hcouper61@state.tx.us,cL3|Tm%427
Bentley,Ceeley,bceeley62@businesswire.com,bN1)UjfYs1
Guntar,Scoggins,gscoggins63@mapquest.com,jM2`X_.al28XY3En
Ede,Flewitt,eflewitt64@merriam-webster.com,"zR0|C?N,"
Wang,Popworth,wpopworth65@flickr.com,iH3~mv~Tk&h
Germana,Shaxby,gshaxby66@si.edu,cD7)<K9q+cq
Cassey,Hadfield,chadfield67@feedburner.com,dX6`u0Ubc
Amby,Rolse,arolse68@vistaprint.com,bE9@S4.j)|2TMSy
Raimondo,Bunhill,rbunhill69@earthlink.net,"nQ0>ow9k,hY"
Mathew,Boulger,mboulger6a@msu.edu,"kY1&,eYWH"
Bucky,Dominy,bdominy6b@netscape.com,mN5(RRk%R
Tyne,How to preserve,thowtopreserve6c@unesco.org,"pA3,N{\px!Z8}"
Willa,Olivetti,wolivetti6d@shareasale.com,iL1<B0~xid
Owen,Buglass,obuglass6e@sciencedirect.com,vR7@sF>|L*OtTP#
Osbourne,Screen,oscreen6f@mediafire.com,"gD3*,Snnx"
Penelopa,Boatwright,pboatwright6g@infoseek.co.jp,mS6?EMl2z'{k&!
Josefa,Tiner,jtiner6h@deliciousdays.com,cY1<ibCWQ\lbU(
Emmett,Chadd,echadd6i@technorati.com,hE6}9ENP
Gavin,Ashingden,gashingden6j@artisteer.com,mF4!Y<gHHyC%qTo<
Esmeralda,Crace,ecrace6k@diigo.com,iR2<yqK}6
Helaina,Cuncarr,hcuncarr6l@dot.gov,vZ9+@5>\i1l<HJ
Abraham,Grastye,agrastye6m@cdc.gov,oG7~C\5Eu
Georges,Quest,gquest6n@shutterfly.com,lI4\juY!Q5EvoBS+
Ofella,Fendlen,ofendlen6o@opensource.org,"iL8,\/`4/39B"
Carrissa,Tarbox,ctarbox6p@bizjournals.com,zD0%=8B\mJz+`
Bruce,Landon,blandon6q@cyberchimps.com,zJ6%P<iJe
James,Matskevich,jmatskevich6r@desdev.cn,sY9#/@+w0uTZ?it
Hasheem,Valenti,hvalenti6s@amazon.co.uk,"qI5,}xnp6x35B"
Reade,Ioan,rioan6t@bbb.org,pB2+p}#j
Wainwright,Gooders,wgooders6u@samsung.com,yM7(@HfF
Ralf,Kuhnt,rkuhnt6v@chronoengine.com,"tZ9~L0IDrz""~E4"
Raffaello,Pring,rpring6w@webs.com,"bQ9#U.,ki"
Ximenes,Klimkovich,xklimkovich6x@npr.org,"sH1""8H2#_`d1VBht"
Odelia,Dinsell,odinsell6y@twitter.com,wH2\'%QZX
Gunar,Howard - Gater,ghowardgater6z@ameblo.jp,"oT0,J8/a3G"
Rene,Skipping,rskipping70@pagesperso-orange.fr,qJ3(nNd|u7g
Marthena,Carnall,mcarnall71@facebook.com,"eJ2_LeRmX=f,&"
Nealon,Prop,nprop72@apple.com,"bJ0""S_TntFP}'%4"
Bernard,Battelle,bbattelle73@wix.com,lT7>\4JEF.\y
Laurella,Le Bosse,llebosse74@hexun.com,gO5/jVPx){#&AL
Kellsie,Tregenza,ktregenza75@unicef.org,mH3/b{G*kL
Leonardo,Bewshire,lbewshire76@fema.gov,cZ7?3vpJZ#o
Melisenda,Ladyman,mladyman77@naver.com,fM4?ia3zZZK
Ailis,Buglass,abuglass78@csmonitor.com,pV9>9@M|
Bart,Le Ball,bleball79@timesonline.co.uk,yS1<T>qvh5dJM
Barnaby,Dole,bdole7a@japanpost.jp,"pQ2(p?Xmy,"
Duff,Bugdale,dbugdale7b@cpanel.net,"qM6~Shc,~"
Danya,Goodier,dgoodier7c@tamu.edu,mH7%ajG8H6<9u
Robinetta,Woolard,rwoolard7d@geocities.jp,oD2$x5lNl
Enrico,Varvell,evarvell7e@booking.com,hC2~aRk>\
Susana,Burberry,sburberry7f@dropbox.com,cC9`8356
Caitlin,Gloyens,cgloyens7g@discuz.net,pP1\TB\1.*uo
Katti,Josephy,kjosephy7h@ebay.co.uk,iX9_9R(!\*/
Rebekkah,Bayles,rbayles7i@deliciousdays.com,xT8>POMd
Danni,Guymer,dguymer7j@bizjournals.com,bG7<wB&8siu
Angie,Finlator,afinlator7k@cnn.com,"rG6!&~A,40'Zt"
Sheba,Dennidge,sdennidge7l@theglobeandmail.com,jP0+?b./c
Hayden,Shreeve,hshreeve7m@weibo.com,gN8}v1%@q
Connie,Auger,cauger7n@nature.com,nP2%{`Sr6+f~#G
Helli,Toffetto,htoffetto7o@marriott.com,"nO2(h*$,D"
Rolf,Klimke,rklimke7p@imdb.com,"eR2)`jmqjcR""OzF"
Dell,Feldman,dfeldman7q@twitter.com,aQ8?&JK&$FmmP#o
Elke,Gumley,egumley7r@techcrunch.com,"nC0@_70>v.N@E,`W"
Fanchon,Grocock,fgrocock7s@issuu.com,qB6>@+E|s
Gerhard,Abbado,gabbado7t@nyu.edu,sO5&QPDc#$bq
Brittani,Baigrie,bbaigrie7u@histats.com,kP8*{KUg!
Salim,Goane,sgoane7v@nydailynews.com,wG4`rB_r?>%<
Lorita,Pyke,lpyke7w@jiathis.com,iW4_&~}7+`
Darnall,Ulster,dulster7x@umn.edu,aK7~TC/m))X5!MD5
Russell,Jordan,rjordan7y@xing.com,eO2{nc_q+j1*y
Dewitt,Hallum,dhallum7z@army.mil,qF7*af@G
Heath,Vassano,hvassano80@unblog.fr,oJ0>J1C#@HH
Raymond,Billingsley,rbillingsley81@bigcartel.com,"xW2\pc!,eo"
Vaughn,De Courtney,vdecourtney82@illinois.edu,zV1{9En*
Thom,Jackson,tjackson83@google.com.br,"fN8',{lsJs5"
Arnoldo,Meier,ameier84@buzzfeed.com,pN4#M24c$2
Hazel,Blackaller,hblackaller85@stumbleupon.com,fL3@YU7FcD*
Winna,Rittmeier,writtmeier86@google.nl,lI8{J'Se
Jyoti,Lickess,jlickess87@pcworld.com,iO9\HGfo.z2d_
Bliss,Hawkshaw,bhawkshaw88@cdc.gov,qV6\{EyfZ9l4oT
Claudianus,Iacovozzo,ciacovozzo89@jimdo.com,wX9(n6NfNWe=
Siegfried,Helversen,shelversen8a@dion.ne.jp,fW8|1VX?PcQVgp
Jocelyn,Andover,jandover8b@dion.ne.jp,vC4'K!LaYHYum&}
Darda,Mousdall,dmousdall8c@comcast.net,xJ8?_2L9
Morton,Tregien,mtregien8d@domainmarket.com,iJ6`p69}br5C|R
Salim,Rabat,srabat8e@cam.ac.uk,nZ5$biABwU
Cyndie,Comolli,ccomolli8f@quantcast.com,wK1$d\Hi2BH7us/
Rachel,Vaugham,rvaugham8g@businessinsider.com,qG9+8ulm
Tracie,Brader,tbrader8h@gov.uk,"bE5|pFl,a_"
Bette,Berggren,bberggren8i@paginegialle.it,"jJ2~""I8pll%3!<"
Patrizius,Lambal,plambal8j@cpanel.net,vB9#\>}fd>h{$
Opal,Bahde,obahde8k@elpais.com,"yI5,__1gT"
Sophia,Clemow,sclemow8l@sciencedaily.com,gL0_UI~Kh6!?mx
Kikelia,Goskar,kgoskar8m@cbc.ca,tZ6+ENsWJJWe~VR
Griff,Diaper,gdiaper8n@reference.com,cH3'o+&|\#6&|
Fania,Shury,fshury8o@amazon.de,lK9_>'k/9
Ker,Kepe,kkepe8p@discuz.net,qD5./zrq
Reba,Godain,rgodain8q@studiopress.com,"aK8,@qq!<$"
Giff,Elrick,gelrick8r@vk.com,"aF2+oM0""c3L"
Bethena,Tremolieres,btremolieres8s@posterous.com,kX3~9|WJ
Jakob,Garrand,jgarrand8t@deliciousdays.com,bZ6<SP(7
Bobbi,Micco,bmicco8u@addtoany.com,"zM6{rX,_LEV*N/"
Sunshine,Bellringer,sbellringer8v@zdnet.com,tN6>r\kNJb'{)
Mollie,Petrus,mpetrus8w@google.com.au,dT3}Y!u7o&D$xBA
Yorgo,Tomenson,ytomenson8x@shinystat.com,vM5@=!z_wws'+J
Kristin,Coppenhall,kcoppenhall8y@wikispaces.com,iJ7#)RIf$|
Joey,Ertelt,jertelt8z@g.co,"cQ6$>+B6~H)CW(""$"
Sandy,Falla,sfalla90@simplemachines.org,"aJ4,kF7?b}"
Marnia,Templman,mtemplman91@home.pl,aX3&Y``_t\u
Becka,Antrobus,bantrobus92@technorati.com,cZ3~H'?dQr5Nr?
Vassily,McIlwrick,vmcilwrick93@unicef.org,yO7~W`!Z4+}s
Sherwin,Haton,shaton94@cnn.com,pY1}u63vo>WmH0jY
Stephine,Boeck,sboeck95@xinhuanet.com,dM6'k/~kA
Saunderson,Yearns,syearns96@domainmarket.com,qG2~m<>XBVGfr
Robbin,Graysmark,rgraysmark97@bravesites.com,vD7?oiKV'
Verney,Westbrook,vwestbrook98@whitehouse.gov,uO1\w3N_z)%t2
Codie,Pottberry,cpottberry99@liveinternet.ru,aU9{Ucn_m1hU
Woodie,East,weast9a@opera.com,rH0&!1Ch<$+
Robinet,Leatt,rleatt9b@unesco.org,rU0)@Q$_o`+
Andre,Wegener,awegener9c@people.com.cn,"nO6.D9/""Q"
Stan,Cleaves,scleaves9d@tripadvisor.com,hD4+tk$!L)f}/u
Johann,Lugg,jlugg9e@slashdot.org,qF5.ND3p5FO
Giuseppe,Dymoke,gdymoke9f@vk.com,wY1*$Rp@E
Stephine,Prozillo,sprozillo9g@wisc.edu,fU7'OpdB1)isu
Jacklyn,Daddow,jdaddow9h@taobao.com,"oZ6<0""+'(1C9M"
Mina,Golt,mgolt9i@marketwatch.com,fP3$y$4.c{cZbRF
Thorstein,Chasles,tchasles9j@squidoo.com,lF1)+$?PF=5
Tedman,Gowanson,tgowanson9k@unesco.org,"aZ8*+YK@j,@\oHD\"
Eimile,Bazire,ebazire9l@zdnet.com,jS4.Z%crkK!|{M$u
Olly,Fowell,ofowell9m@virginia.edu,"pE3?t=O)p,+_"
Suzie,Dullingham,sdullingham9n@instagram.com,wZ5.M`7m~G`s7
Danika,Dallyn,ddallyn9o@ftc.gov,jJ5`SjdE*?{Hev&
Gayel,Devennie,gdevennie9p@china.com.cn,nT5'_@=M
Cornelia,Ryburn,cryburn9q@deviantart.com,"dH1&mu\Y`24)j#f"""
Sheba,Betser,sbetser9r@pinterest.com,"gQ8,8*C2|VYm"
Jaymee,Sayre,jsayre9s@sourceforge.net,vL5<l(h_8'qq{jm
Allyn,Pirozzi,apirozzi9t@telegraph.co.uk,zX4<\cqiY<'
Dorelia,Martensen,dmartensen9u@fda.gov,tO8~?JPa>>q}2Ect
Milton,Dutton,mdutton9v@youtu.be,oF4/c3nW>w2
Fabiano,Queripel,fqueripel9w@google.com.hk,yY0{y%~JD
Cordelia,Dorling,cdorling9x@cbsnews.com,sM0+lrYL
Cristie,Hucke,chucke9y@skype.com,zW0`a|.72fw
Harmonie,Falloon,hfalloon9z@economist.com,cN8/I6\.Z
Karly,Sliney,kslineya0@weather.com,"qR6~""1{OiRGR9Ep4"
Nefen,Cronchey,ncroncheya1@opensource.org,nB1=N4jL&c7i(RE
Betsey,McGuane,bmcguanea2@sina.com.cn,vK6#smrSnVOt?
Elene,Lortzing,elortzinga3@sourceforge.net,hK0!2b+<
Lothario,Balsellie,lbalselliea4@springer.com,dL3=}<ZO_oiR
Betty,Demetr,bdemetra5@google.ca,"wR2(GOxLP)s""_o"
Gelya,Asher,gashera6@xrea.com,kX0@yC&i=>W
Celestina,Andrick,candricka7@time.com,rT1`'/taLD#lk
Claybourne,Zettler,czettlera8@netvibes.com,"iX0""@x}UW57k"
Merv,Mowen,mmowena9@list-manage.com,sM4+UU|L
Rainer,Eitter,reitteraa@upenn.edu,nD3/24?pfoHiq}
Sanford,Colpus,scolpusab@wunderground.com,"xG3<TWn"""
Mort,Loachhead,mloachheadac@domainmarket.com,kK2{7cP!$XK\h.C
Devin,Lawlor,dlawlorad@seesaa.net,vX8}oc=8
Christophe,Gittis,cgittisae@comsenz.com,mA5\OdCs.s
Thor,Yarnley,tyarnleyaf@yale.edu,fJ6_2pK>
Jakie,Casarini,jcasariniag@wikimedia.org,cS7={n~$.I)
Ned,Lawland,nlawlandah@youtu.be,xM5*MAXHQma<
Ilene,Plummer,iplummerai@geocities.jp,"kI2@FNdep,vE"
Warren,Jandera,wjanderaaj@unc.edu,bC2|lwoMBg~v=9p1
Linell,Maffia,lmaffiaak@amazonaws.com,gK2`NFh_\oql$_)
Danna,Jess,djessal@gizmodo.com,"iZ4`_@D7"")L{"
Trip,Vel,tvelam@ebay.com,dA6@?1&%GF_AV'16
Noami,Bedells,nbedellsan@reuters.com,cH3+NZ3SV
Heidie,Sherred,hsherredao@naver.com,vK0%?qo<zTJB
Raffaello,Flewan,rflewanap@nsw.gov.au,lD0@GF9y
Andrea,Cardillo,acardilloaq@dion.ne.jp,uB2~YY<k
Valentino,Veracruysse,vveracruyssear@vk.com,gI8=4`Gb(LhYhra
Zackariah,Cotman,zcotmanas@youtu.be,fR7|bxgh}E
Arv,Crips,acripsat@cloudflare.com,gV8`dk@3xQ
Berti,McHardy,bmchardyau@elegantthemes.com,gS7<MU?7YS
Micheline,Harhoff,mharhoffav@51.la,sD9&_EZoD+MGGSpb
Zaneta,Knight,zknightaw@trellian.com,rN0?GIPZll%
Mel,Kerrey,mkerreyax@ning.com,oM5<q)zU
Stuart,Swindley,sswindleyay@techcrunch.com,uH4=>m1Gj
Orren,Reymers,oreymersaz@ucsd.edu,"vS5`'G,e$S"
Benson,Boothebie,bboothebieb0@studiopress.com,vW8()%uB~|<h/
Rheta,Niblo,rniblob1@tripod.com,"sX6""pVv,rc+4"
Cosette,Truin,ctruinb2@last.fm,dD8_5Mbc
Gennifer,Frentz,gfrentzb3@amazonaws.com,aZ9`!)QK9
Robbin,Botley,rbotleyb4@weibo.com,nH7.~?Nsp
Avrit,Monteath,amonteathb5@kickstarter.com,uM7`569\2eKY>}{
Christin,Ruddell,cruddellb6@baidu.com,pH5+6&a!
Marissa,Roubay,mroubayb7@goodreads.com,kQ3$ypkb%l
York,Schleswig-Holstein,yschleswigholsteinb8@examiner.com,hH6{g&|%v84
Fenelia,Rate,frateb9@shop-pro.jp,yS0+)0HV
Hoebart,Heinl,hheinlba@prlog.org,gE3&)|0vB#t
Mattheus,Edmenson,medmensonbb@sitemeter.com,dD2=1w'}
Amberly,Walburn,awalburnbc@paypal.com,"kP3_E""84Y/r"
Loy,Masterson,lmastersonbd@google.ca,oF1+ps~MWZ?Yz
Anastasie,Joyce,ajoycebe@hexun.com,"mP4,L(>>FQBlacfo"
David,Janek,djanekbf@wikimedia.org,tQ8=d+/R3c
Iosep,Alldre,ialldrebg@example.com,dL7|t@RIx8R`
Thadeus,Plume,tplumebh@homestead.com,oQ8/vachzr1<.
Brigida,Grzesiewicz,bgrzesiewiczbi@exblog.jp,oS7.eXkM(g2N
Bronny,Condit,bconditbj@blinklist.com,iI5?K6I5
Emmeline,Le Barre,elebarrebk@uol.com.br,nW9*Szh&sZp
Melita,Lindenbaum,mlindenbaumbl@4shared.com,"sH4}3i<4!4,"
Annelise,Cyples,acyplesbm@cnn.com,oH7/X(rX)maCUUX
Feodora,Wroe,fwroebn@chronoengine.com,xN8./W1?s
Julianna,Tinklin,jtinklinbo@unesco.org,pD9>C)#E6oo
Ferrel,Liger,fligerbp@unc.edu,oH6=+VY7i
Dorise,Jonk,djonkbq@mlb.com,"xL2~,Ly=mR"
Merl,Filppetti,mfilppettibr@hibu.com,"rV3.,y4Y*pBf"
Sybila,Sackey,ssackeybs@ask.com,nF4.q0$$S
Kaitlyn,Pellitt,kpellittbt@newyorker.com,kC5_LK8kF
Velma,Camock,vcamockbu@discuz.net,cP6|YRr8U#jFQr.
Caria,Tomich,ctomichbv@google.co.uk,"sT0/5j*,1V"
Seth,Lardnar,slardnarbw@furl.net,"wV0\<""5vjbp2RkV"
Paolina,Pampling,ppamplingbx@cargocollective.com,wB5_v4!%&
Arnoldo,Mallebone,amalleboneby@engadget.com,xG6?N'm6VXKW&JCF
Ambrose,Woodruff,awoodruffbz@zdnet.com,iI2\)kUQ>
Andra,Sharphurst,asharphurstc0@wikia.com,sM4$3S+!
Ruthi,Barrowcliff,rbarrowcliffc1@merriam-webster.com,kY9\$8D`7R{9Gf51
Elsey,Sandall,esandallc2@engadget.com,eU4%xl@UY5f
Cristi,Kinker,ckinkerc3@icq.com,uW4|EbJ|&P<
Reyna,Powles,rpowlesc4@shop-pro.jp,bR0*T/iJ6J+
Berkley,Tidmas,btidmasc5@google.com.hk,"kK3|'iE2"")bGTj,j"
Ashleigh,Agar,aagarc6@hostgator.com,sU4+7F8rR
Trixie,Jurisch,tjurischc7@ovh.net,"lD5(""P/6T"
Elvina,Russan,erussanc8@xing.com,pT1$unNsc.F
Janot,Michin,jmichinc9@cbc.ca,bO0{tLJay1cA5ew
Marcelline,Allatt,mallattca@posterous.com,mT2(+n#$mW6mRdEt
Aldus,Walklot,awalklotcb@amazon.com,gS3~{c(pis%HSp<
Jonah,Semaine,jsemainecc@printfriendly.com,tJ2#u+4M_
Tull,Eskriet,teskrietcd@ox.ac.uk,kM4!)pA@GG(S'.
Nancey,Thackham,nthackhamce@1und1.de,gX7\EgkuF0m
Rorie,McComas,rmccomascf@cnn.com,oY3!_6`D
Garv,East,geastcg@tiny.cc,cZ7.Y5wW/W)80)+0
Earle,Winterborne,ewinterbornech@sfgate.com,rU0=AQbVo@s2xwXh
Christophe,Anderer,candererci@telegraph.co.uk,lR5!DG0>$M9
Imelda,Copcutt,icopcuttcj@blogs.com,"xQ4=2,.L)n"
Eddie,Greenalf,egreenalfck@ihg.com,tL5<@m9PbzZ?uEH
Angel,O'Hern,aoherncl@360.cn,iQ8.}tfqd1`jT>3
Eddy,Boyne,eboynecm@jigsy.com,uZ4|vq(p@iRB3v&R
Liva,Lamputt,llamputtcn@quantcast.com,sE3`B'SZz6ct
Leonora,Yurlov,lyurlovco@com.com,tF3#p~mPlbyC2p
Candida,Basilio,cbasiliocp@dagondesign.com,aE6|OHb_
Korry,Howford,khowfordcq@jiathis.com,jL7.+3mZ}
Catherin,Borris,cborriscr@gravatar.com,"eA5,5>!/`\ot|d"
Monika,Gibbie,mgibbiecs@jiathis.com,"zH8/Z9xe,0G|lD6N"
Sari,Burridge,sburridgect@github.io,jQ0+la%rjYI>Sm}
Rutter,Haskey,rhaskeycu@geocities.com,vK8{UkrBAqCX(6
Jud,Downe,jdownecv@pen.io,aK1=OBo1`1
Shaun,Cereceres,scerecerescw@cdc.gov,aS6.zd!B7{\
Romonda,Starcks,rstarckscx@accuweather.com,"uY5,6wb)l9*0Z"
Tristam,Dunmore,tdunmorecy@chicagotribune.com,lO4}Mz?KJ
Dewain,Tyreman,dtyremancz@chronoengine.com,hM7\MNP8
Felic,Rowantree,frowantreed0@gizmodo.com,dK1\287Z0*1VE@
Rooney,Tytcomb,rtytcombd1@time.com,dL4+y@#9@@pkw
Charin,McGlaughn,cmcglaughnd2@rediff.com,"sG6""I%qd""f08&.0"
Ingmar,MacGaffey,imacgaffeyd3@china.com.cn,qC5.RaDOc3.CP25J
Tessa,Thorogood,tthorogoodd4@oracle.com,"fW3&Jl8dG""O"
Norma,Yeandel,nyeandeld5@toplist.cz,iZ7>p|DGGD
Ellery,Rowberry,erowberryd6@nytimes.com,dF7)|X'W=9&vDp
Carmella,Joost,cjoostd7@theatlantic.com,oM4@zR_cgDvO~E2
Kristi,Rolston,krolstond8@timesonline.co.uk,"eC5_""Y60Mw>L'"
Letti,Cayton,lcaytond9@chron.com,"sU7.""g?($Kg1ei8"
Christine,Berndt,cberndtda@amazon.com,nA4)|?'v
Marshall,Kemitt,mkemittdb@dot.gov,yX9\W<R1
Poppy,Mott,pmottdc@theglobeandmail.com,"dE3(L,,""/x""1"
Dyanna,Cantillion,dcantilliondd@xing.com,lJ9+_u%1
Marilee,McCaster,mmccasterde@theatlantic.com,pR6$c{Q''jA5D8
Silvanus,Wetheril,swetherildf@list-manage.com,xT6/gGRUOCE
Kin,Gutridge,kgutridgedg@cloudflare.com,"kX1,2YPxASwi<"
Mar,Bernollet,mbernolletdh@hatena.ne.jp,gL1)0tQi
Dita,Leman,dlemandi@i2i.jp,oP3#W`zfCA>?a|?
Cesare,Muggleston,cmugglestondj@netvibes.com,aP4$?Qxf3E'PNz
Una,Hartropp,uhartroppdk@skyrock.com,lI0*`8lYB%f(%M+
Jud,Fritschel,jfritscheldl@amazon.co.uk,sP3(WN4~m=j`
Colline,Faires,cfairesdm@google.com.au,nV3!{Wo5mCMXOR
Yale,Avrahamy,yavrahamydn@bigcartel.com,kL4@C7~6'A`jm
Enrique,Pales,epalesdo@hatena.ne.jp,qP7!t\Vwj{#aga
Loreen,Shotter,lshotterdp@archive.org,hU6$r03X4o~q)@
Zandra,Blackwood,zblackwooddq@homestead.com,wZ7/7p%Geq'`=_g.
Marta,Clurow,mclurowdr@people.com.cn,mW6}'4~V$<zeVePJ
Cyndi,Andrysek,candrysekds@addtoany.com,"bG4<,bfh.xsSP*t"
Ibby,Copo,icopodt@usa.gov,qL2/xxEP
Brandon,Hedden,bheddendu@dyndns.org,lO6>DZv)QkP'HC~a
Cord,Thredder,cthredderdv@naver.com,hX9>|H'z/&+!Qn2s
Ellie,Schoroder,eschoroderdw@forbes.com,"uQ0\QK<"")2Rb"
Brion,Dunkersley,bdunkersleydx@cbc.ca,tN8<ucnwVVbL83B
Valene,Ceci,vcecidy@telegraph.co.uk,"tG0""jT(Fu\p"
Allene,Hedworth,ahedworthdz@globo.com,eT1_icOd/6`P~o*D
Benito,Chetter,bchettere0@liveinternet.ru,fR2!\Q~s
Care,Stucke,cstuckee1@indiatimes.com,"fL9`u6""p8"
Fawnia,Bedbrough,fbedbroughe2@nymag.com,hE6>O|QS'Jn'
Larine,Hammett,lhammette3@diigo.com,kU9&$@vKC}RsK\
Sheelah,Idill,sidille4@techcrunch.com,pR2%aVF!&2\n?SP6
Craggie,Duchenne,cduchennee5@army.mil,nC0{Nd%x+T3|q
Lory,Stook,lstooke6@ucoz.ru,yP8@T!)Ww_~/T
Glyn,McBay,gmcbaye7@jimdo.com,"wK7{.,?G"""
Cedric,Andriolli,candriollie8@bbc.co.uk,dR3?O|w.s07ODk_
Nicholas,Grindall,ngrindalle9@sakura.ne.jp,vX9+Z3KZ0@{/\ltj
Anna,Dachey,adacheyea@cam.ac.uk,"jJ9@L#O{CL,meG"
Eustace,Maylard,emaylardeb@wp.com,gH8\B\\PSaecc
Willi,Luca,wlucaec@newsvine.com,xP2/Q%k<=ni)lAcU
Izabel,Clayworth,iclayworthed@comsenz.com,jM0`VzOK~>>P
Urson,Frane,ufraneee@dedecms.com,sT6=mUk$Coj/GYB
Goddard,Dear,gdearef@answers.com,fV8\|Mo><O_b*
Cate,Austing,caustingeg@sfgate.com,yZ6#`!ODBpX
Tessi,Martine,tmartineeh@joomla.org,sV3=k~2zGG7
Winifield,MacCurlye,wmaccurlyeei@mozilla.org,nA4`2T7<g&a
Kristofor,Willis,kwillisej@tmall.com,"gH3,W\l8mW!`*"""
Melva,McGiven,mmcgivenek@printfriendly.com,cH3~iCo{i
Branden,McCraw,bmccrawel@nps.gov,fJ9>L{y1'\$
Rex,Sleney,rsleneyem@photobucket.com,sU1)t<(D&~=y7YU
Hatty,Elcom,helcomen@amazon.co.jp,eW0@+wckz(
Fiann,Marzelle,fmarzelleeo@netscape.com,"iM0/,*L84_fLR"
Hulda,Dannell,hdannellep@army.mil,mM1%T!>~
Kai,Kilvington,kkilvingtoneq@guardian.co.uk,"lV0>'u,c$N9V}"
Kippy,Beedham,kbeedhamer@sphinn.com,rR5=8\Ly)T6w
Natalee,Blaber,nblaberes@ask.com,fN3~*X6/WS&
Abra,Pavlenkov,apavlenkovet@purevolume.com,cJ5>su(@Z=wL
Gayle,Bakes,gbakeseu@columbia.edu,vH9|sbW@Yh<G
Pete,Kingshott,pkingshottev@over-blog.com,dA5{ocwhRAMs\k
Georg,Monkman,gmonkmanew@spiegel.de,tP0.}5aL#\upJ
Godfree,Zotto,gzottoex@hexun.com,nP0=7JJiS0
Chelsea,Stenhouse,cstenhouseey@cdbaby.com,rO7\cUu~tiE01
Tootsie,Sibbe,tsibbeez@webs.com,zA1*Ak!2Lg9C#wc
Lissy,Raigatt,lraigattf0@nasa.gov,"dB0,Z#B8je8""a,#"
Marnie,Romaynes,mromaynesf1@ihg.com,hV2{92m|o69W5
Ambrosio,Teulier,ateulierf2@intel.com,vQ0+a(nQ4Na*g
Anstice,Grishukov,agrishukovf3@omniture.com,"xX7{_pQ""6shT"
Darline,Beidebeke,dbeidebekef4@wix.com,gD0|'CPiCZ+!vh
Richmond,Balfe,rbalfef5@army.mil,dO2\fxorK
Gaye,Krystof,gkrystoff6@cdbaby.com,nM1*5Ibo@}rm\@|L
Esme,Beggi,ebeggif7@chronoengine.com,"mI3.#L,~O"
Merry,Collyns,mcollynsf8@nydailynews.com,xJ5%kv&+
Archibaldo,Cristoforetti,acristoforettif9@hostgator.com,dH3`#Ft&dfNy*pb3
Lonna,Blazejewski,lblazejewskifa@goo.gl,cU8{!LE2E(vl8Xf
Marlie,Aldous,maldousfb@1und1.de,uJ5(D9Ha$H%5GG
Katrinka,Kermath,kkermathfc@latimes.com,nX5\Z&Hu+?#dtSil
Free,Bahde,fbahdefd@wikimedia.org,kG3$Slyp
Tandy,Mandel,tmandelfe@livejournal.com,"dV1%E""@zpROp#"
Byrom,O'Moylan,bomoylanff@biglobe.ne.jp,dX7/OiBEirAV
Tammie,Flag,tflagfg@lycos.com,gV9?BPvEs#VFsPx
Melessa,Avrahamy,mavrahamyfh@theatlantic.com,"yQ9""PSNz1TTL."
Trent,Bloxsome,tbloxsomefi@statcounter.com,cQ0/PAw8h#!
Chrysa,Ironmonger,cironmongerfj@a8.net,pG8?bXoCL*7fhf
Lenard,Pounder,lpounderfk@time.com,gI6}\9X'\o{X
Alfons,Size,asizefl@google.cn,vG2!&_#LkE$
Mata,Tunny,mtunnyfm@booking.com,aG5<<FYuS{<=)X.
Domingo,Heaney`,dheaneyfn@ca.gov,cW0%|PT`p
Dalia,Persey,dperseyfo@eventbrite.com,tN4~G{'VzV
Meade,Cape,mcapefp@a8.net,"cJ5,iS)XD@8)'W"
Audrey,Cowderay,acowderayfq@springer.com,sO1'bSPrf}pY?
Olag,Staziker,ostazikerfr@msn.com,oH7.'M&nQ`3
Krissie,Snowden,ksnowdenfs@sciencedirect.com,"mS3|yT2bXMb""Y)"
Rufus,Plaxton,rplaxtonft@oakley.com,vY8/se'kbtA
Gal,Pettit,gpettitfu@who.int,kH1`3k855?FFu<In
Crosby,Strang,cstrangfv@psu.edu,"wN8!Z!L&""OH"
Valaria,Matussov,vmatussovfw@nhs.uk,yL9`6oo)O
Jemimah,Kelshaw,jkelshawfx@oakley.com,tL9$33|R
Carmel,Driussi,cdriussify@whitehouse.gov,dU0&Avyvghl9
Oliver,Duffitt,oduffittfz@newyorker.com,oB5>zaV*4'&AnY%=
Carley,Jackalin,cjackaling0@g.co,"aU1""8~$13)r%"
Brett,Padgett,bpadgettg1@wsj.com,wW1>M.oDGyNR#cjK
Claretta,Hatcher,chatcherg2@networksolutions.com,"uN1""hb/z'"
Sandy,Stoite,sstoiteg3@typepad.com,oL0%1y\M$tGu
Astrix,Kilius,akiliusg4@comsenz.com,bN0_rPGs98>71d
Rollie,Sprowle,rsprowleg5@webnode.com,rQ1?O)qb'4oi})
Margalit,Keneforde,mkenefordeg6@facebook.com,mM0'7(mEJ
Dreddy,Breakwell,dbreakwellg7@wsj.com,"yC0$n?gSL""q"
Elita,Bilsland,ebilslandg8@sfgate.com,tE2)%9WT_p
Yank,Circuit,ycircuitg9@ucoz.com,aS7{W~aUZpB4pjP
Tiffany,Chaperling,tchaperlingga@dropbox.com,aY6=x4/!M'U$
Trina,Wapple,twapplegb@spiegel.de,sN0#p5Hr=n!L
Alix,Ricards,aricardsgc@nifty.com,gZ7'{c2qH>>
Sax,Stockton,sstocktongd@nasa.gov,eM7_=ip/L#7}
Courtney,Blazynski,cblazynskige@answers.com,zD0$6zdCT
Avivah,Arthur,aarthurgf@qq.com,zD2\>@ps}
Dina,Growy,dgrowygg@examiner.com,mO4)8jwy(_PL*I+
Wyatt,Allewell,wallewellgh@quantcast.com,"eN3>.)(.9$,y0C.w"
Blondelle,Denecamp,bdenecampgi@ca.gov,"gO0$`kK.,M\I_Q"
Regan,Jellis,rjellisgj@usda.gov,lE1?*<ir#l
Horatia,Endley,hendleygk@sakura.ne.jp,"fH3+JP9hP=,kt'Pv"
Hendrick,Dilgarno,hdilgarnogl@nhs.uk,tM4=Z~$`ttcbZ
Minni,Jensen,mjensengm@hc360.com,nH7!>yQ5
Jessa,Goodrick,jgoodrickgn@cam.ac.uk,"yK5_HaXhj,wTw"
Neda,Butfield,nbutfieldgo@over-blog.com,"nQ2""~1Sh2\P'eKk"""
Armin,enzley,aenzleygp@google.it,gX7>W}L0@s+y?Hbg
Wilone,Gruszka,wgruszkagq@flickr.com,sI5)=Wa~V
Bogey,O'Curneen,bocurneengr@nih.gov,kP8>&`E=U&Vb
Erie,Creedland,ecreedlandgs@odnoklassniki.ru,lZ7/Yy!7R~z0(
Dierdre,Ridel,dridelgt@cam.ac.uk,kP6(qn1QX1S+HN3s
Natalie,Vargas,nvargasgu@trellian.com,tW9{T=Fah@ckK
Idalina,Gummow,igummowgv@prweb.com,uJ4(?~f_=9m`ya%
Tedie,Dresse,tdressegw@hatena.ne.jp,gX3'2vqqG3Lb
Carlynne,Wakeley,cwakeleygx@sciencedirect.com,sD5&<6E?}coqH0
Carlee,Cauldfield,ccauldfieldgy@yahoo.co.jp,uO3=J2%NK=0O\M
Franklyn,Moisey,fmoiseygz@edublogs.org,uT1.txVMWVq|d<l
Shell,Allgood,sallgoodh0@upenn.edu,cS6'~@7Q
Lenna,Pickford,lpickfordh1@loc.gov,iM6_1btR5PYxR
Vaclav,Featenby,vfeatenbyh2@walmart.com,wH5|s+H}y*DlxoM
Marne,Drew-Clifton,mdrewcliftonh3@histats.com,lX9|*WP7
Krispin,Rubinsohn,krubinsohnh4@huffingtonpost.com,cW1=#$~R
Lolita,Chicco,lchiccoh5@economist.com,rF2|b82W$u3ve
Inna,Hetterich,ihetterichh6@ihg.com,zB6+w1f'+=i/e=
Yettie,Sweeny,ysweenyh7@virginia.edu,"gQ8""fsxB"
Mayer,Christiensen,mchristiensenh8@techcrunch.com,uY5.RNA!6fUn
Ker,Prosek,kprosekh9@timesonline.co.uk,xJ9'kB0/t8
Katerina,Sweatland,ksweatlandha@google.co.uk,cQ3==www
Rosemaria,MacCaffery,rmaccafferyhb@smh.com.au,"kN7?f*MVs""5X+r"
Marni,Snook,msnookhc@behance.net,eX1({BFGzNsW1
Armand,Purvis,apurvishd@amazon.de,"iZ6{$O5'Zu0F""("
Chastity,Tomaskunas,ctomaskunashe@deliciousdays.com,oV0?|5U{Oy\
Hillie,Elrick,helrickhf@about.com,zM2@A'7n
Ike,Tutchings,itutchingshg@blogtalkradio.com,aM8@Lx?26}vh6v
Jammie,Biss,jbisshh@ow.ly,xI4|k`JN#WG_9L
Nolie,Cudihy,ncudihyhi@time.com,rJ2$`.SOS'x1
Egan,Alphonso,ealphonsohj@123-reg.co.uk,mL2*QI+v7v
Carlita,Stutely,cstutelyhk@archive.org,qZ7*I}_)k}QQ
Benita,Boschmann,bboschmannhl@g.co,vK0#K!}@aC1r
Urbano,Carnihan,ucarnihanhm@apache.org,hT6'CI%}Wk}U+
Magdalene,Yakuntzov,myakuntzovhn@arstechnica.com,pO0'0~)yIGX=iSqc
Charlie,Chipperfield,cchipperfieldho@canalblog.com,lL0#)v2RZ0Iu4?6
Adlai,Wallwood,awallwoodhp@issuu.com,zW8.9kOeXQ{\`E
Fanechka,Eldred,feldredhq@adobe.com,kP5\{6_cMt?
Jenny,Atlay,jatlayhr@hugedomains.com,uB3)`N?8ch~m*min
Skipp,Lamke,slamkehs@moonfruit.com,"tS4!+J""rj&"""
Dougie,Saines,dsainesht@joomla.org,qY1\X2}NDFuOPJW
Penny,Wellen,pwellenhu@wix.com,mC5?xKIzE\(8H
Bobby,McAnellye,bmcanellyehv@jiathis.com,"tB4@j%SNAFFb0,9u"
Etheline,Abrahm,eabrahmhw@tamu.edu,"uM8""s||PNGdqw@5"
Eward,Lomasny,elomasnyhx@ameblo.jp,tI0\\>{N%
Aridatha,De Minico,ademinicohy@dyndns.org,pF7&a0%w
Nickie,Mercer,nmercerhz@squarespace.com,cU5/t\=kwENR99
Orland,Vernall,overnalli0@t-online.de,mX6%gS</Q+Vg
Joanna,Kilsby,jkilsbyi1@sakura.ne.jp,dB1@@c4b
Stephanie,Coggins,scogginsi2@weather.com,xJ0.0)P}lU_wR%
Teddi,Feake,tfeakei3@livejournal.com,"rV8&""O5?6"
Terrill,Blowers,tblowersi4@smh.com.au,lQ4%TNX%I
Meara,Phythien,mphythieni5@printfriendly.com,vV4>?>gl?6QYwuz
Christine,Aberdalgy,caberdalgyi6@ucsd.edu,"zB6?@Lnv9,|FfBO"
Joell,Trymme,jtrymmei7@amazon.co.jp,eL6?}Q}Bvz1
Heddi,Glisane,hglisanei8@quantcast.com,dN0!NqAXY
Huntley,Franck,hfrancki9@360.cn,kH3=BIe3A\YuR
Archibald,Mates,amatesia@technorati.com,"vZ9""R/NLk\"
Wylie,Sends,wsendsib@reddit.com,"eL3""m+U%BT'*{"
Ossie,Knowlden,oknowldenic@apple.com,mL7'c&h8vpx=
Babara,Lyle,blyleid@dedecms.com,"gU5,|,~H"
Christoph,Checchetelli,cchecchetelliie@dion.ne.jp,qI1*TOU2Qr
Carmelita,Kydd,ckyddif@google.nl,cI1#dq(`9`sS<GM
Biddy,James,bjamesig@goo.gl,wT2=ep+5v4o=\dUz
Camile,Kimmings,ckimmingsih@biglobe.ne.jp,"mV0""MnGuU"
Val,Rymer,vrymerii@ucoz.ru,bN5$CcZR2yF`m
Cayla,Dundredge,cdundredgeij@ovh.net,qW2%EJ#oJUg_G}q
Harmonie,Freebury,hfreeburyik@com.com,bP3{#*Mb\rn)
Hortense,Blagburn,hblagburnil@harvard.edu,rF8%@)S(CZ)6U#
Evie,Toynbee,etoynbeeim@mit.edu,qH7&Y=HU5>eA@m`v
Cary,Ketton,ckettonin@baidu.com,"cT7<Dpa97ly\4=A"""
Lolly,Pelerin,lpelerinio@opera.com,yK8~HtY+DIe_Q
Darcy,Demcik,ddemcikip@auda.org.au,"kE7+~ihf.9Zn,'T"
Misha,Curtiss,mcurtissiq@cisco.com,"bH4$cA{3V,|"
Stu,Klainman,sklainmanir@google.co.jp,"fI2#6#?@%<""L|1k1"
Enid,Kerfut,ekerfutis@eepurl.com,zH6@r/}i\W?
Jackquelin,Yakuntsov,jyakuntsovit@github.com,vO2(RrH}SE('S&Pc
Lauree,Pleuman,lpleumaniu@myspace.com,vB6+B3hvLo/f|n6
Baily,Wetwood,bwetwoodiv@last.fm,vL4.7fp95iX@6v9
Linnie,McCreedy,lmccreedyiw@upenn.edu,tY7(Q8PdM>JfXxE
Osmond,Eltringham,oeltringhamix@tinyurl.com,rN5*?l~O.L6
Ardelis,Loftie,aloftieiy@studiopress.com,gT9$`(!Kvz$W&T
Doyle,Penhallurick,dpenhallurickiz@addthis.com,tS2'#czq|>
Haleigh,Wrotham,hwrothamj0@51.la,"wG3,A!CCO"
Ferne,Prester,fpresterj1@mapy.cz,bT3.DU.*v%
Sutherland,Domenget,sdomengetj2@vkontakte.ru,hY7\H_KiJ&1@N
Con,Ible,ciblej3@de.vu,"aV0>j,>!omM?A"
Dwayne,St. Pierre,dstpierrej4@meetup.com,cA5)!3'4
Melisandra,Clethro,mclethroj5@sfgate.com,cH0.mWX7uk$7w<Z
Penelopa,Carnew,pcarnewj6@businesswire.com,dP8'1\De
Con,Grishagin,cgrishaginj7@ed.gov,"cX6@ED6emw~q""V"
Yolande,Rolles,yrollesj8@timesonline.co.uk,"wD4,7D.phhs=2"".I"
Orly,Bollum,obollumj9@earthlink.net,nU5!JP9vL*3sMv5X
Ciel,Baumford,cbaumfordja@uol.com.br,"wW0$9Oni""wAC"
Josselyn,Santora,jsantorajb@forbes.com,zJ5<O'kD
Chanda,Milburn,cmilburnjc@paginegialle.it,"tU9{"",U{/eUVRcgJ"
Michaella,Swindin,mswindinjd@ted.com,aP4~xO=Q\CgB
Benn,Faherty,bfahertyje@technorati.com,jH2>/UeSM3
Hercule,Milliken,hmillikenjf@diigo.com,pC8`ddCF+xRT7uf_
Damaris,Dinse,ddinsejg@admin.ch,eF5{Shw*>!
Delphine,Hackett,dhackettjh@delicious.com,"pB5|0h,UK1GLH"
Holly-anne,Scolli,hscolliji@hhs.gov,kN4%1f4&7Ga1@N1y
Delmar,Greest,dgreestjj@geocities.com,"pJ6,<`,R.TF""LSH"
Larissa,Mawby,lmawbyjk@uol.com.br,oK2_N?51Uwr
Leontyne,Maffiotti,lmaffiottijl@squarespace.com,"qO5,I1b%bHK,Vq'"
Huntlee,Porrett,hporrettjm@amazon.co.jp,nA3(e7G0Cdq
Dennet,Eynald,deynaldjn@wordpress.com,wF7'm0Fa
Denis,Franz,dfranzjo@themeforest.net,tB2>!>2u`.jxyd
Karry,Ferrar,kferrarjp@sina.com.cn,yY3/Tg%8e
Becky,Simms,bsimmsjq@nature.com,"xD7$g7blC,"
Ardene,Corradini,acorradinijr@typepad.com,pO9_w%Q8StH\z
Clarance,Kobpal,ckobpaljs@shop-pro.jp,vT9$AgBgVoIlD(
Corine,Macauley,cmacauleyjt@about.com,wB7(L'<*FThclo
Charyl,Tregunnah,ctregunnahju@tamu.edu,cO3>9?S/{>1*H
Maxy,Ringrose,mringrosejv@sakura.ne.jp,"vO2.+kGT7rwQ2&,"
Katherina,Eden,kedenjw@unblog.fr,zT2!R}/xLR_a7ML
Rozelle,Skirvane,rskirvanejx@google.ru,"nC9""5A*o$@"
Geoffrey,Baiyle,gbaiylejy@4shared.com,uO9)~j\gR#RTHu
Franky,Iglesiaz,figlesiazjz@nps.gov,pT9@6SVkAs
Sibbie,Lowson,slowsonk0@washingtonpost.com,aT6|vmXDCok
Conan,Veld,cveldk1@indiatimes.com,vU0%{D=J|p_
Lilla,Gypson,lgypsonk2@ustream.tv,gE6'Ald/Ek9
Ranique,Havenhand,rhavenhandk3@cornell.edu,wF5\tpi4
Lancelot,Kubicek,lkubicekk4@sogou.com,"fJ2&b12\h"""
Mahala,Fear,mfeark5@europa.eu,sB0!sH\zHgys
Arny,Shilliday,ashillidayk6@amazon.de,sM4`J%pHdJ~!Py6n
Shela,Sharpley,ssharpleyk7@t.co,wT4/jE}LkF3>
Adore,Dudley,adudleyk8@deviantart.com,yE4'2jEw
Esra,Fillgate,efillgatek9@biblegateway.com,hC0$%!MOzv88axn
Jaquith,Hanselmann,jhanselmannka@angelfire.com,"jQ1&x*/qBn""="
Man,Olivetti,molivettikb@fema.gov,dN5*}WTZx7(}h
Teodor,Edgson,tedgsonkc@networksolutions.com,lI9#34'/
Camile,Mohamed,cmohamedkd@pagesperso-orange.fr,mK2/n)H'&R(@'&S
Ailis,Arsnell,aarsnellke@dagondesign.com,zB3<miz5
Pierre,Jorat,pjoratkf@github.com,mX4@'<T$?ZR
Forbes,Cartlidge,fcartlidgekg@economist.com,"uN5,ALeaP"
Annabel,Causier,acausierkh@columbia.edu,sK6'7b(H
Noam,Pascho,npaschoki@timesonline.co.uk,"kC4}D""'*!`1+YY=!"
Charlton,Banishevitz,cbanishevitzkj@w3.org,qP1>%iFd
Euell,Ramel,eramelkk@apache.org,uS2+V34w{<L
Berne,Chesswas,bchesswaskl@bing.com,fT0{tch{pQ
Correy,Hall,challkm@bigcartel.com,nV8.w5md
Vanna,Dorey,vdoreykn@eventbrite.com,"hL1<X%a33t""OC1lN"
Iseabal,Jebb,ijebbko@exblog.jp,"dY3,""?j*!J"
Alvy,Baress,abaresskp@blogspot.com,jV9@=KvfVZcLfg~d
Sarajane,Dowman,sdowmankq@latimes.com,"wU2~y/PW,T7L@#"
Anita,Farlow,afarlowkr@posterous.com,mU1\E&giTo'C
Billie,Allcorn,ballcornks@youku.com,tV0&PFP8OU8>s
Cami,Guitt,cguittkt@wikipedia.org,yM6\Zk0jV
Anselm,McAline,amcalineku@blogtalkradio.com,pW6&j~wM@%(En0
Meghann,Haughin,mhaughinkv@blog.com,"pB2{,\+kmR"
Stacey,Meineking,smeinekingkw@moonfruit.com,"mC0.b,ek"
Genvieve,Tirte,gtirtekx@simplemachines.org,tJ1$I5o&f(F
Sasha,Brownjohn,sbrownjohnky@blogtalkradio.com,aX8<|*7Yf&T80Hn
Whit,Caswill,wcaswillkz@statcounter.com,gV8>nNlI#?>'
Lissie,Masser,lmasserl0@fc2.com,"zZ7.#J4j|yXV,cXe"
Roze,Burberry,rburberryl1@reverbnation.com,uT0'DY2#u3=
Leda,Caroll,lcarolll2@nhs.uk,hF7.Fs\bK*a~H
Danny,McGarry,dmcgarryl3@hexun.com,aQ4'grzyT
Rollin,Peacher,rpeacherl4@amazon.de,hJ3!~0<c
Micheal,Balkwill,mbalkwilll5@ovh.net,pH8<3MnqQ5k4
Benoit,Pomeroy,bpomeroyl6@fda.gov,fD9(!.f@fCC
Yuri,Navan,ynavanl7@samsung.com,"hK3=gYDS,W8"
Zsazsa,Raiker,zraikerl8@independent.co.uk,"lJ5.2&L""5@"
Gabbie,Priditt,gpridittl9@hc360.com,"iR8'b+A,5+i*B4"
Bondon,Darlasson,bdarlassonla@naver.com,yH1|I}!/Bao!
Lisle,Masters,lmasterslb@tamu.edu,"iR6,{""6F"
Mickie,Forrest,mforrestlc@soup.io,zU5=bLcpZQ+c
Leah,Madgwick,lmadgwickld@opensource.org,lA0&#\irK4%rn
Ginger,Chatband,gchatbandle@icq.com,pD3!WEB>G
Terza,Ribey,tribeylf@goodreads.com,xC6'/jqGuUHYL
Zorina,Meffin,zmeffinlg@cisco.com,sE1!qz(3n6VA!
Krystalle,Grigore,kgrigorelh@plala.or.jp,mX5?4J67S$pxScA7
Susie,Dunnet,sdunnetli@sourceforge.net,jQ1/o_pFCd
Bronson,Drain,bdrainlj@spiegel.de,"oL7&.7wn,0}Sh`"
Angelico,Brumbye,abrumbyelk@netlog.com,"dA2%7""#CW~OcsWu+"
Darrick,Hriinchenko,dhriinchenkoll@themeforest.net,hP0/iF(*r/To
Sephira,Tolworth,stolworthlm@ed.gov,"bL9,R$kDvosx%"
Vince,Kinnane,vkinnaneln@github.com,fY7(P_lW
Louisette,Gooderham,lgooderhamlo@umich.edu,"uS0{Mu?J""$AV~"
Rurik,Mordanti,rmordantilp@github.io,vQ1|NPi4=4Uq
Domini,Slade,dsladelq@about.me,"bC3)j*X>3mJ,&dbP"
Lilla,Biever,lbieverlr@csmonitor.com,wQ0!BQG8Tj
Euphemia,Cowgill,ecowgillls@nps.gov,tS2#?5Wh>
Neils,Longforth,nlongforthlt@europa.eu,aX3=tf/s~Zlyt&
Christan,Treves,ctreveslu@nsw.gov.au,yP1_$#eV>O
Loren,Keming,lkeminglv@newsvine.com,"lV3}hYr%\h"","
Scarlet,Costard,scostardlw@sun.com,mD1)tWFx
Veronica,Haggarth,vhaggarthlx@forbes.com,"qQ6#lN$nR,j9"
Caralie,O' Dornan,codornanly@cnet.com,sJ9<6BUMk
Nap,Hoggin,nhogginlz@ebay.co.uk,hX8<F7%B0
Francklin,Hixson,fhixsonm0@ehow.com,oB1<b9yMfwk@<
Merwyn,Sarfati,msarfatim1@sciencedirect.com,fV5)}gBE<03K
Lorianne,Kearn,lkearnm2@bloglines.com,pQ0*su2V$zi$
Stefania,Bims,sbimsm3@squidoo.com,wX0+SoZEk|)..N
Meir,Valett,mvalettm4@economist.com,gM5_FM*QP>o8mr`
Lucas,Brooksbank,lbrooksbankm5@sbwire.com,"uP7%z@,g*G"
Nollie,Gaspero,ngasperom6@wisc.edu,"mK9,74m*Z?1+@e"
Padraic,Trundle,ptrundlem7@vistaprint.com,pC8}wn1>4jG
Griselda,Fosdike,gfosdikem8@blogtalkradio.com,"iK1|zjP<n_""JK"
Edyth,Sutter,esutterm9@mapy.cz,aR1#{JJLF
Booth,Esmead,besmeadma@vimeo.com,gG0}Y5)Nbtk/t<
Frants,Crippell,fcrippellmb@soundcloud.com,lJ2<6s*aFlJL
Erika,Springall,espringallmc@dot.gov,aN4@{B?D
Sallie,Stammer,sstammermd@aboutads.info,"wR0""2'0`v|%(H"
Daven,Luthwood,dluthwoodme@google.de,"gP1',)|Wm_\"
Reece,Alyutin,ralyutinmf@nydailynews.com,"vD7,Ln'r$`Q"
Hugo,Philson,hphilsonmg@mail.ru,oB3/(U(@!4l
Heall,Bilham,hbilhammh@etsy.com,"fG8,pEKQt"
Ynez,Thoumas,ythoumasmi@ameblo.jp,qP5!w+7c*
Tonnie,Rickersey,trickerseymj@clickbank.net,rK0=qxO`8}F#
Skippy,McGinley,smcginleymk@com.com,"dG5,znQH`"
Hi,Lehrian,hlehrianml@123-reg.co.uk,sK5+0*tnOxQ
Andi,Ickovic,aickovicmm@cargocollective.com,fC9\~%J?`
Dionis,Rackham,drackhammn@edublogs.org,qV2*h%0IR{
Shir,Bryant,sbryantmo@wordpress.com,aY6{K5lAl=)T=Kc0
Johan,O'Hagirtie,johagirtiemp@skyrock.com,rJ7`tNz|=n~)\
Petr,Veljes,pveljesmq@mapy.cz,qU6&+f!ve
Virginia,Johnson,vjohnsonmr@comsenz.com,rQ2/Y\lm6{SCWL
Cal,Forster,cforsterms@over-blog.com,"wC7}'"")R_"
Candis,Tierny,ctiernymt@reuters.com,nP6$O0i.
Madelena,Meneo,mmeneomu@ning.com,qI1_\%/O/0kxRE?w
Mallorie,Chillcot,mchillcotmv@goodreads.com,eJ3$\xAs
Chrystel,Curm,ccurmmw@angelfire.com,"vV8'`19vNe,tBr3"
Lauritz,Scarce,lscarcemx@php.net,"iM8~''3YT9."")+"
Theo,Capstake,tcapstakemy@netlog.com,oJ2(\43Uu
Danyelle,Geeve,dgeevemz@canalblog.com,iA5~CC~s
Keven,Whanstall,kwhanstalln0@shutterfly.com,"yL6).>"">`{i9`'"
Irwin,Rainsden,irainsdenn1@live.com,"eC2$""QT`?~|0G0?6"
Conn,Hughes,chughesn2@narod.ru,aR2>@3+hsH
Brnaba,Teulier,bteuliern3@pen.io,wD5&g\Xua~G
Jard,Cough,jcoughn4@friendfeed.com,tP9#PG7J`
Hercule,Roark,hroarkn5@mozilla.org,qQ4{~_vg8tALk/y
Wilburt,Petkovic,wpetkovicn6@scribd.com,vC1\kL@i`kln
Latisha,Isitt,lisittn7@tmall.com,fN8!j0\vKx
Stafford,McGaughay,smcgaughayn8@bravesites.com,nE4$EQe#
Katine,Ardley,kardleyn9@census.gov,oK8!5N3>w~\(F|
Englebert,Alberts,ealbertsna@fastcompany.com,fP1(D76amXK4
Pinchas,Butt,pbuttnb@wix.com,oD2_l=wCe2K8
Udale,Nother,unothernc@gmpg.org,yM2\==pMiD
Elysha,Akister,eakisternd@google.com.hk,vB1'GzO~
Raven,Paszek,rpaszekne@economist.com,aL9+RI979V@
Parsifal,Blaschek,pblascheknf@icio.us,kR1?SUYqfn7wC`{m
Starr,Skirvane,sskirvaneng@discuz.net,rY9{`'ul\.~u
Miguela,McQuaker,mmcquakernh@flavors.me,lA4=|0&e*K)E4S
Rosalind,Gann,rgannni@rambler.ru,pT7'9IqE{wVEE
Emerson,Bilston,ebilstonnj@cnbc.com,"hC2,NaRR71t)WT"
Adelaida,Seater,aseaternk@google.ca,"nT6_PRZLwa""_@mMr"
Clark,Rattrie,crattrienl@fc2.com,mD1&BxbNMd6Ky8
Mikkel,Skeermor,mskeermornm@wiley.com,"tP2(Vt""9bvX4=g"
Essie,Merry,emerrynn@blogs.com,oX6..$yD\=r&
Kirk,Dell Casa,kdellcasano@abc.net.au,jE3{UM%a><wFC{G
Hugh,Apple,happlenp@liveinternet.ru,hN7'QJ1C.)+R(
Donna,Thynne,dthynnenq@lycos.com,gO7/zj1lwni\Ci
D'arcy,Atty,dattynr@ed.gov,jP7`sCJ!/vUvHM.j
Christabel,Farge,cfargens@ucsd.edu,xR8@K'Dk)Aa|TU
Annabel,Simecek,asimeceknt@webnode.com,"eQ7@X=t4PLWmtuw,"
Raleigh,Yashaev,ryashaevnu@parallels.com,"nH4=tt,a3eB"
Willamina,Duchesne,wduchesnenv@ed.gov,pO9/EC$2_y\Fo%}0
Elmo,Humbey,ehumbeynw@ed.gov,fR8'#+%E0K
Robinett,Sante,rsantenx@chicagotribune.com,"wW8?U>RQv"""
Kathleen,Hearnes,khearnesny@gravatar.com,"fN4'L)K`,m/"
Margette,Lowth,mlowthnz@dailymotion.com,mN1.\fPG}BG
Lonnie,Swetland,lswetlando0@adobe.com,"yJ6+LFF=*gZ""``"
Baird,Nuscha,bnuschao1@amazon.com,"cX0""5X@>Ny%'\Z6"
Mindy,Hebborne,mhebborneo2@earthlink.net,uB1.{!h@$whUU_
Tonie,Corris,tcorriso3@about.com,dS2(|~l%\b
Arlette,Banbrook,abanbrooko4@wikia.com,zL5}F*GPW'0jL0<
Trixi,Cantwell,tcantwello5@hhs.gov,uD7~y<gsY{*3bm
Kara,Toohey,ktooheyo6@ox.ac.uk,fT9=k.6b%&`
Livia,Fierro,lfierroo7@drupal.org,"nK2,(0E""29R{u?5"
Caz,Figg,cfiggo8@ucla.edu,"hS5,99llWP%&"
Lynnet,Ridolfi,lridolfio9@columbia.edu,iH9~C+lR2JV?ke=7
Marieann,Pagin,mpaginoa@1und1.de,dN5\d`M#8
Barny,Colyer,bcolyerob@arstechnica.com,"cC1+V!VD""\#4<"
Meagan,Dutt,mduttoc@i2i.jp,hT8|tF$`c
Johannah,La Croce,jlacroceod@google.ca,jG6)#X3(AY
Nickie,Kirckman,nkirckmanoe@constantcontact.com,oP0|HmwV?PLug*J
Teresa,Conkay,tconkayof@newyorker.com,aI8_czz<_3<yLc
Mellisent,Rattenbury,mrattenburyog@independent.co.uk,cE4~d}={0$?&}I*
Gisele,Haylands,ghaylandsoh@cbslocal.com,dK7.I4O$
Desi,Puxley,dpuxleyoi@sfgate.com,gB8\N2N=mLBy}!GB
Sayers,Barde,sbardeoj@usda.gov,nO1+j6!ywI<Q}).A
Linnie,Kreutzer,lkreutzerok@github.com,"yY5(V1sG,/"
Sib,McDade,smcdadeol@discuz.net,lE6|?j>vjH9
Denys,Raveau,draveauom@facebook.com,hJ5~Q|ScLv}Ds.
Johnnie,Blamires,jblamireson@blogspot.com,cX0|Y2pf313qGd
Hollyanne,Oda,hodaoo@scientificamerican.com,"lN3#F>OP"""
Patten,Vallens,pvallensop@icio.us,rQ8$`Q.V
Page,Packman,ppackmanoq@nydailynews.com,wL3@.0)8
Patten,Basterfield,pbasterfieldor@earthlink.net,lK2)<gY<)H<8
Kathrine,Kinker,kkinkeros@pbs.org,vR3*?t6(s.o#b.
Stephannie,Gladwin,sgladwinot@nsw.gov.au,"aH2#'M~""}3Pk"
Jackie,Dymock,jdymockou@virginia.edu,xP0+U<{X/Lg)JKc
Edin,Graysmark,egraysmarkov@samsung.com,sK2!lMRY7BDaU9
Wood,Roll,wrollow@cnet.com,"yD0,Kj=x\N"
Rochester,Lothlorien,rlothlorienox@upenn.edu,rU4\a&N<YpT7
Shane,Streets,sstreetsoy@51.la,fB2+|SD)
Nadia,Yakunin,nyakuninoz@godaddy.com,pO0=IFu{BFIp~E
Curran,Tieman,ctiemanp0@goodreads.com,kS1$st!}>
Nicoli,Pughe,npughep1@nydailynews.com,zS1*v@ZQW
Bidget,Moline,bmolinep2@twitter.com,yC7%rGTrIEx$>k$
Darice,Lampaert,dlampaertp3@lulu.com,sR0$tnH=yFE>S
Sayers,Hallgalley,shallgalleyp4@washington.edu,nY5+x{D(qW
Harv,Bowkley,hbowkleyp5@istockphoto.com,dY4_K%Q(DKVyn.m6
Yetty,Ivashintsov,yivashintsovp6@accuweather.com,rM7/@SK}NaKI3
Mendy,Bostick,mbostickp7@spotify.com,"cX2""t6hy2"
Happy,Drewet,hdrewetp8@storify.com,wU4|XPi=~tJG`
Arthur,Saltmarshe,asaltmarshep9@columbia.edu,pI9!zouDG
Lorilee,Adenot,ladenotpa@webnode.com,oB2?GN|\
Demetris,Dix,ddixpb@addthis.com,tY7(sNl#s
Alexandre,Melmeth,amelmethpc@telegraph.co.uk,yV4$A!\/<\jQ8'
Nollie,Stormont,nstormontpd@narod.ru,lO1!vuXP~
Sylas,Rump,srumppe@devhub.com,jX2\I*Rx
Demetrius,Spere,dsperepf@nba.com,eO5*R2gY41gt_*QS
Kathlin,De Michetti,kdemichettipg@smugmug.com,zE4\x@RH=rhUlC/
Kaiser,Behnecken,kbehneckenph@weather.com,"oW0""MP0)"
Colas,Hatrey,chatreypi@mlb.com,eS3#z+`tA
Jamesy,Flecknoe,jflecknoepj@ebay.com,"jQ6&=\QL""gsl>wa"
Lena,Barrar,lbarrarpk@amazon.com,iB9+UQL9'|\.?=
Shea,Minihan,sminihanpl@creativecommons.org,"fR8{""?K7vL4b"
Danie,Langfitt,dlangfittpm@prweb.com,xN5{A@uIZT7sn
Vincenty,Keijser,vkeijserpn@google.com.au,"yK2?&<yyU>c""jxr"
Allyn,Yeld,ayeldpo@ehow.com,"rU9,.*X.D2ezg./"
Regine,Vignaux,rvignauxpp@slashdot.org,sX4&8pOmB
Kendall,Esplin,kesplinpq@hubpages.com,hF6$&U`j>
Daron,Laverty,dlavertypr@biglobe.ne.jp,oU3?efB%`s)
Rici,Critch,rcritchps@stumbleupon.com,yB7.*.9(6vf
Even,Rodbourne,erodbournept@gizmodo.com,aO0&EU#L=aR7
Datha,Twitty,dtwittypu@storify.com,kC6<xgTQ7'HD<g7N
Rick,Wethers,rwetherspv@artisteer.com,mC3?)n!@
Ilyssa,Rathbourne,irathbournepw@guardian.co.uk,"sM2*W,>ls""0'(K7e"
Karlotte,Traves,ktravespx@npr.org,"xS6|g!b_s{>BSq$"""
Natividad,Lathleiff,nlathleiffpy@addthis.com,zR8)<Mp.%Kh&X~
Shaylynn,Bulloch,sbullochpz@macromedia.com,"sU3$bAw""~h|Gr}I"
Chryste,de Najera,cdenajeraq0@technorati.com,sW3*JLVsZ
Anett,Hesser,ahesserq1@dot.gov,lH2%`G=9O
Tessa,Henker,thenkerq2@networkadvertising.org,"wG7!.LL.0*$2,{\"
Maren,Aitchison,maitchisonq3@bluehost.com,"bG9,yjWpyc>*"
Pamelina,Casserley,pcasserleyq4@cnet.com,eP2~+?q6+vE
Zorah,Rutherfoord,zrutherfoordq5@oracle.com,uC2&$g|&pMg
Salomi,Orfeur,sorfeurq6@whitehouse.gov,dM3_(@V`$b+C{T
Celle,Ruspine,cruspineq7@mapy.cz,xH1'a#!Y9/
Kerianne,Marshal,kmarshalq8@blinklist.com,"nZ4""!?Id\!?gf,"
Darbee,Jell,djellq9@eepurl.com,fA5=!?m=N(Ool
Chlo,Aldersea,calderseaqa@exblog.jp,aN6'x46%obYE5
Herbie,Von Helmholtz,hvonhelmholtzqb@nih.gov,cN2@c&H77P
Rice,Tresise,rtresiseqc@imageshack.us,uZ9}@h}WNB&U#eRB
Ollie,Maddick,omaddickqd@nasa.gov,hJ3\`>%wkm
Elle,Hentzer,ehentzerqe@tiny.cc,"sC3$""fiD?6n_"
Judy,Haddacks,jhaddacksqf@guardian.co.uk,"wR4*6""AX.5Gm8P0"
Roshelle,Govern,rgovernqg@icio.us,"hG8\\cziCR,&`@c#"
Pierson,Cassells,pcassellsqh@cisco.com,"mD2_,eW4>BCdWH"
Estrellita,Coulthurst,ecoulthurstqi@sohu.com,gF2!SiOv
Tobit,Sandell,tsandellqj@kickstarter.com,aJ3(AwW8|gf(y&
Natividad,Rumble,nrumbleqk@blogger.com,tM6&p0q0c(d(XA
Franzen,Ibbett,fibbettql@hhs.gov,qA7)uQ!5u{
Tamarra,Lamb-shine,tlambshineqm@wunderground.com,iA5/CA)/5=\
Kevina,Anlay,kanlayqn@mapquest.com,"nL5_iFRKP,"
Marj,Vibert,mvibertqo@bluehost.com,qJ6<+aW`DljQO$J
Gerianna,Ruckledge,gruckledgeqp@webeden.co.uk,"hR1*<\H>""t$i,B"
Janka,Ruperti,jrupertiqq@scientificamerican.com,vH2'Cq+mIqvSE
Korney,Blackborough,kblackboroughqr@ifeng.com,yE7>DZkNTzr
Zaneta,McLenahan,zmclenahanqs@discovery.com,uB0{j8DV?i
Jenda,Kevlin,jkevlinqt@usgs.gov,bD1}a@Yv<H%C8er
Elroy,Bool,eboolqu@pen.io,aZ2!}Fk\1x(Bo
Ashlin,Featherstonhaugh,afeatherstonhaughqv@google.com,"sI4*~&,,z%3"
Sergeant,Corkhill,scorkhillqw@npr.org,vA5+Nzl1)<
Celie,Leman,clemanqx@list-manage.com,eG1}m)x*K?8F{
Coralyn,Iannitti,ciannittiqy@istockphoto.com,eL6%!I3U~
Humberto,Greenly,hgreenlyqz@oakley.com,oT4*W~kC%A
Darcy,Deam,ddeamr0@google.com.br,sS1%b>Cm~k
Guillema,Albro,galbror1@ning.com,jG4+N4WE
Hamel,Biggin,hbigginr2@dell.com,wM2.wvTRUl
Paddy,Geraldo,pgeraldor3@geocities.com,jA1&\=Iga~#
Powell,Canepe,pcaneper4@ca.gov,xZ6`BDjo9HV'
Tandy,Fudger,tfudgerr5@tinypic.com,mC1+Xt_!NlZqb*
Alvan,Torpie,atorpier6@comcast.net,mY0+Y9ux$6Ae#
Valene,Cockerill,vcockerillr7@elegantthemes.com,"lS3,).l+1@pp7>)_"
Nelson,Heinsius,nheinsiusr8@indiegogo.com,fU4{)kWK/<=k
Mel,Hizir,mhizirr9@zdnet.com,pU6?6dbS
Renell,Giffen,rgiffenra@wired.com,qI3&aDy6
Ruth,Battill,rbattillrb@mapquest.com,eM2@3`s}5nvYUX2
Ham,Friedenbach,hfriedenbachrc@oracle.com,mL8|(ZPvV'U$
Jaine,Simmonite,jsimmoniterd@ovh.net,dT0@PI<|g\i@
Karyl,Ferriere,kferrierere@cargocollective.com,"iY0"".LWk"
Melinde,Sherel,msherelrf@live.com,xR6!\_=>.uMLDk
Nestor,Keyson,nkeysonrg@xinhuanet.com,hZ6@W=E}
Dame,Lottrington,dlottringtonrh@feedburner.com,uG3.hJ|cD+
Lambert,Brookton,lbrooktonri@netscape.com,nN3/g\g9Dka5g#d
Jeralee,Chelsom,jchelsomrj@delicious.com,kE4>L?>/
Brina,Portal,bportalrk@google.ru,"rU5}.7ZF#p"""
Lin,Chippendale,lchippendalerl@t.co,"pN3\j7<W@""Tfr"
Clarinda,Antos,cantosrm@tamu.edu,mG0_RU}E
Veronika,Hall,vhallrn@a8.net,mJ7=8)y<
Jocelin,Sim,jsimro@mashable.com,mY7)DksQGEGCb
Chester,McCloid,cmccloidrp@paypal.com,"bJ8""|yHVy\"
Dasha,Conahy,dconahyrq@huffingtonpost.com,yS8`_{bx
Benyamin,Greer,bgreerrr@ebay.co.uk,fW6#c0KY>D5
